E/B/M_five.obs.logOR.ratio,E/B/M_obs.wt,E/B/M_obs.mut,E/B/M_total.reads.per.junction,E/B/M_five.wt.cluster.cov,E/B/M_five.mut.cluster.cov,intron_junction,Tcells_five.obs.logOR.ratio,Tcells_obs.wt,Tcells_obs.mut,Tcells_total.reads.per.junction,Tcells_five.wt.cluster.cov,Tcells_five.mut.cluster.cov,PreB_five.obs.logOR.ratio,PreB_obs.wt,PreB_obs.mut,PreB_total.reads.per.junction,PreB_five.wt.cluster.cov,PreB_five.mut.cluster.cov,DC_five.obs.logOR.ratio,DC_obs.wt,DC_obs.mut,DC_total.reads.per.junction,DC_five.wt.cluster.cov,DC_five.mut.cluster.cov,HSPC_five.obs.logOR.ratio,HSPC_obs.wt,HSPC_obs.mut,HSPC_total.reads.per.junction,HSPC_five.wt.cluster.cov,HSPC_five.mut.cluster.cov,IMP_five.obs.logOR.ratio,IMP_obs.wt,IMP_obs.mut,IMP_total.reads.per.junction,IMP_five.wt.cluster.cov,IMP_five.mut.cluster.cov,Bcells_five.obs.logOR.ratio,Bcells_obs.wt,Bcells_obs.mut,Bcells_total.reads.per.junction,Bcells_five.wt.cluster.cov,Bcells_five.mut.cluster.cov,NP_five.obs.logOR.ratio,NP_obs.wt,NP_obs.mut,NP_total.reads.per.junction,NP_five.wt.cluster.cov,NP_five.mut.cluster.cov,Mat_Mono_five.obs.logOR.ratio,Mat_Mono_obs.wt,Mat_Mono_obs.mut,Mat_Mono_total.reads.per.junction,Mat_Mono_five.wt.cluster.cov,Mat_Mono_five.mut.cluster.cov,MonoDC_five.obs.logOR.ratio,MonoDC_obs.wt,MonoDC_obs.mut,MonoDC_total.reads.per.junction,MonoDC_five.wt.cluster.cov,MonoDC_five.mut.cluster.cov,MkP_five.obs.logOR.ratio,MkP_obs.wt,MkP_obs.mut,MkP_total.reads.per.junction,MkP_five.wt.cluster.cov,MkP_five.mut.cluster.cov,MEP_five.obs.logOR.ratio,MEP_obs.wt,MEP_obs.mut,MEP_total.reads.per.junction,MEP_five.wt.cluster.cov,MEP_five.mut.cluster.cov,EP_five.obs.logOR.ratio,EP_obs.wt,EP_obs.mut,EP_total.reads.per.junction,EP_five.wt.cluster.cov,EP_five.mut.cluster.cov,None_five.obs.logOR.ratio,None_obs.wt,None_obs.mut,None_total.reads.per.junction,None_five.wt.cluster.cov,None_five.mut.cluster.cov,chr,start,end,strand,five_prime,three_prime,five_prime_ID,three_prime_ID,obs.wt,obs.mut,total.reads.per.junction,None_pvalue,EP_pvalue,MEP_pvalue,MkP_pvalue,MonoDC_pvalue,Mat_Mono_pvalue,NP_pvalue,Bcells_pvalue,IMP_pvalue,HSPC_pvalue,DC_pvalue,PreB_pvalue,Tcells_pvalue,E/B/M_pvalue
NA,0,0,0,0,0,chr21:24441913:24485622:+,NA,0,0,0,0,0,NA,0,0,0,0,0,NA,0,1,1,0,2,NA,0,1,1,0,1,NA,0,2,2,0,3,NA,0,0,0,0,0,NA,0,0,0,0,0,NA,0,0,0,0,0,NA,1,2,3,1,2,-Inf,1,1,2,1,3,-Inf,1,6,7,1,9,Inf,0,9,9,1,12,NA,0,0,0,0,0,chr21,24441913,24485622,+,24441913,24485622,clu_191,clu_196,3,22,25,NA,NA,NA,NA,NA,NA,NA,NA,NA,NA,NA,NA,NA,NA
NA,0,0,0,0,0,chr21:24428904:24485622:+,NA,0,0,0,0,0,NA,0,0,0,0,0,NA,0,0,0,2,5,NA,0,0,0,0,3,NA,0,0,0,8,15,NA,0,0,0,0,0,NA,0,0,0,3,14,NA,0,0,0,15,44,NA,0,1,1,6,12,Inf,0,2,2,6,32,Inf,0,2,2,20,141,-Inf,0,12,12,45,739,NA,0,0,0,2,125,chr21,24428904,24485622,+,24428904,24485622,clu_184,clu_196,1,5,6,NA,NA,NA,NA,NA,NA,NA,NA,NA,NA,NA,NA,NA,NA
NA,0,0,0,0,1,chr21:24444128:24485622:+,NA,0,0,0,0,0,NA,0,0,0,0,0,NA,0,0,0,0,6,NA,0,0,0,0,2,NA,0,1,1,2,11,NA,0,0,0,0,1,NA,0,0,0,1,5,NA,0,0,0,0,6,NA,0,0,0,1,10,Inf,0,0,0,3,21,Inf,0,3,3,6,143,Inf,1,8,9,34,616,NA,0,3,3,5,138,chr21,24444128,24485622,+,24444128,24485622,clu_193,clu_196,0,5,5,NA,NA,NA,NA,NA,NA,NA,NA,NA,NA,NA,NA,NA,NA
NA,0,0,0,0,0,chr21:42893381:42908863:+,NA,0,0,0,0,0,NA,0,0,0,0,0,NA,0,0,0,0,0,NA,0,0,0,0,0,NA,0,0,0,0,0,NA,0,0,0,0,0,NA,1,0,1,1,0,NA,0,0,0,1,0,Inf,0,1,1,0,1,Inf,0,0,0,0,0,Inf,0,2,2,0,3,Inf,1,8,9,1,12,NA,0,1,1,0,1,chr21,42893381,42908863,+,42893381,42908863,clu_1969,clu_1999,0,17,17,NA,NA,NA,NA,NA,NA,NA,NA,NA,NA,NA,NA,NA,NA
NA,0,1,1,0,1,chr21:42897047:42908863:+,NA,0,0,0,0,0,NA,0,0,0,0,0,NA,0,2,2,0,2,NA,2,3,5,2,3,-0.559615787935423,1,15,16,1,16,NA,0,0,0,0,0,-Inf,1,7,8,1,7,-Inf,6,14,20,6,15,1.38629436111989,5,4,9,5,4,-0.567984037605939,4,27,31,4,27,-0.701128068890958,9,82,91,9,85,-0.792300146819402,9,287,296,10,293,1.15267950993839,2,46,48,2,47,chr21,42897047,42908863,+,42897047,42908863,clu_1972,clu_1999,92,904,996,NA,0.0914890851091489,0.230647693523065,0.468245317546825,NA,0,NA,NA,NA,NA,NA,NA,NA,NA
NA,0,1,1,0,1,chr21:42904276:42908863:+,NA,0,0,0,0,0,NA,0,0,0,0,0,NA,0,6,6,0,6,NA,0,2,2,0,2,0.559615787935423,2,12,14,2,12,NA,0,1,1,0,1,Inf,1,5,6,1,5,Inf,0,5,5,0,5,-1.79175946922805,1,10,11,1,10,0.313657558855042,3,22,25,3,22,0.626510022765453,7,141,148,7,143,0.676681720656809,32,610,642,32,612,-1.15267950993839,5,133,138,5,136,chr21,42904276,42908863,+,42904276,42908863,clu_1979,clu_1999,15,209,224,NA,0.153628463715363,0.296177038229618,0.693623063769362,NA,0,NA,NA,NA,NA,NA,NA,NA,NA
NA,0,0,0,0,0,chr21:43798049:43799569:+,NA,0,0,0,0,0,NA,0,0,0,0,0,NA,0,0,0,0,0,NA,0,0,0,0,0,Inf,0,0,0,0,0,NA,0,0,0,0,0,NA,0,0,0,0,0,NA,0,0,0,0,1,NA,0,0,0,0,0,NA,0,0,0,0,0,Inf,0,1,1,1,14,-0.834225778819851,0,12,12,4,111,Inf,0,3,3,0,21,chr21,43798049,43799569,+,43798049,43799569,clu_2138,clu_2158,1,15,16,NA,NA,NA,NA,NA,NA,NA,NA,NA,NA,NA,NA,NA,NA
NA,0,0,0,0,1,chr21:43798100:43799569:+,NA,0,0,0,0,0,NA,0,0,0,0,0,NA,0,0,0,0,6,NA,0,0,0,0,2,-Inf,0,0,0,2,12,NA,0,0,0,0,1,NA,0,0,0,1,5,NA,0,0,0,0,5,NA,0,0,0,1,10,NA,0,0,0,3,22,-Inf,0,2,2,7,143,0.834225778819851,0,2,2,32,612,-Inf,0,3,3,5,136,chr21,43798100,43799569,+,43798100,43799569,clu_2140,clu_2158,51,945,996,NA,NA,NA,NA,NA,NA,NA,NA,NA,NA,NA,NA,NA,NA
NA,0,0,0,0,0,chr21:43688240:43690287:+,NA,0,0,0,0,0,NA,0,0,0,0,0,NA,0,0,0,0,0,NA,0,0,0,0,0,NA,0,0,0,0,0,NA,0,0,0,0,0,NA,0,0,0,0,0,NA,0,1,1,0,1,NA,0,0,0,0,0,NA,0,0,0,0,0,NA,1,13,14,1,14,-Inf,4,99,103,4,111,NA,0,18,18,0,21,chr21,43688240,43690287,+,43688240,43690287,clu_2078,clu_2111,2,12,14,NA,NA,NA,NA,NA,NA,NA,NA,NA,NA,NA,NA,NA,NA
NA,0,0,0,0,1,chr21:43686935:43690287:+,NA,0,0,0,0,0,NA,0,0,0,0,0,NA,0,0,0,0,5,NA,0,0,0,0,2,NA,0,0,0,2,12,NA,0,0,0,0,1,NA,0,0,0,1,5,NA,0,0,0,0,5,NA,0,0,0,1,9,NA,0,0,0,3,22,NA,0,1,1,7,145,Inf,0,6,6,33,604,NA,0,1,1,5,136,chr21,43686935,43690287,+,43686935,43690287,clu_2077,clu_2111,1,5,6,NA,NA,NA,NA,NA,NA,NA,NA,NA,NA,NA,NA,NA,NA
NA,0,0,0,0,1,chr21:42897047:42903181:+,NA,0,0,0,0,0,NA,0,0,0,0,0,NA,0,0,0,0,2,NA,0,0,0,2,3,-Inf,0,1,1,1,16,NA,0,0,0,0,0,NA,0,0,0,1,7,-Inf,0,1,1,6,15,NA,0,0,0,5,4,NA,0,0,0,4,27,-Inf,0,3,3,9,85,1.67049816919535,1,6,7,10,293,-Inf,0,1,1,2,47,chr21,42897047,42903181,+,42897047,42903181,clu_1972,clu_1992,39,488,527,NA,NA,NA,NA,NA,NA,NA,NA,NA,NA,NA,NA,NA,NA
NA,0,0,0,0,0,chr21:42893381:42903181:+,NA,0,0,0,0,0,NA,0,0,0,0,0,NA,0,1,1,1,1,NA,0,1,1,0,1,Inf,0,6,6,0,6,NA,0,0,0,0,0,NA,0,0,0,0,0,Inf,0,0,0,0,0,NA,0,3,3,0,4,NA,0,4,4,1,5,Inf,2,5,7,2,6,-1.67049816919535,0,10,10,0,20,Inf,0,1,1,0,1,chr21,42893381,42903181,+,42893381,42903181,clu_1969,clu_1992,1,12,13,NA,NA,NA,NA,NA,NA,NA,NA,NA,NA,NA,NA,NA,NA
NA,0,0,0,0,0,chr21:43795250:43797421:+,NA,0,0,0,0,0,NA,0,0,0,0,0,NA,0,1,1,0,2,NA,0,0,0,0,1,NA,0,0,0,0,3,NA,0,0,0,0,0,NA,0,0,0,0,0,NA,0,0,0,0,0,NA,0,0,0,1,2,NA,0,1,1,1,3,-Inf,0,2,2,1,9,-Inf,1,1,2,1,12,-Inf,0,0,0,0,0,chr21,43795250,43797421,+,43795250,43797421,clu_2128,clu_2149,51,948,999,NA,NA,NA,NA,NA,NA,NA,NA,NA,NA,NA,NA,NA,NA
NA,0,0,0,0,0,chr21:43793404:43797421:+,NA,0,0,0,0,0,NA,0,0,0,0,0,NA,0,0,0,0,2,NA,0,0,0,0,1,NA,0,1,1,0,3,NA,0,0,0,0,0,NA,0,0,0,0,0,NA,0,0,0,0,0,NA,0,0,0,1,2,NA,0,1,1,1,3,Inf,0,1,1,1,9,Inf,0,2,2,1,12,Inf,0,0,0,0,0,chr21,43793404,43797421,+,43793404,43797421,clu_2127,clu_2149,0,7,7,NA,NA,NA,NA,NA,NA,NA,NA,NA,NA,NA,NA,NA,NA
NA,0,0,0,0,0,chr21:42413523:42416441:+,NA,0,0,0,0,0,NA,0,0,0,0,0,NA,0,0,0,1,1,NA,0,0,0,0,1,NA,0,0,0,0,6,NA,0,0,0,0,0,NA,0,0,0,0,0,NA,0,0,0,0,0,NA,0,0,0,0,4,NA,0,0,0,1,5,Inf,0,1,1,2,6,Inf,0,4,4,0,20,NA,0,0,0,0,1,chr21,42413523,42416441,+,42413523,42416441,clu_1862,clu_1891,0,16,16,NA,NA,NA,NA,NA,NA,NA,NA,NA,NA,NA,NA,NA,NA
NA,0,0,0,0,0,chr21:42413222:42416441:+,NA,0,0,0,0,0,NA,0,0,0,0,0,NA,0,0,0,0,0,NA,0,0,0,0,0,NA,0,0,0,0,0,NA,0,0,0,0,0,NA,0,0,0,1,0,NA,1,0,1,1,0,NA,0,0,0,0,1,NA,0,0,0,0,0,-Inf,0,1,1,0,3,-Inf,0,4,4,1,12,NA,0,0,0,0,1,chr21,42413222,42416441,+,42413222,42416441,clu_1861,clu_1891,5,131,136,NA,NA,NA,NA,NA,NA,NA,NA,NA,NA,NA,NA,NA,NA
NA,0,0,0,0,0,chr21:43789695:43791349:+,NA,0,0,0,0,0,NA,0,0,0,0,0,NA,1,0,1,1,1,NA,0,0,0,0,1,NA,0,0,0,0,6,NA,0,0,0,0,0,NA,0,0,0,0,0,NA,0,0,0,0,0,NA,0,1,1,0,4,NA,1,1,2,1,5,Inf,0,0,0,2,6,Inf,0,6,6,0,20,Inf,0,0,0,0,1,chr21,43789695,43791349,+,43789695,43791349,clu_2115,clu_2142,0,8,8,NA,NA,NA,NA,NA,NA,NA,NA,NA,NA,NA,NA,NA,NA
NA,0,0,0,0,0,chr21:43789762:43791349:+,NA,0,0,0,0,0,NA,0,0,0,0,0,NA,2,5,7,2,5,NA,0,2,2,0,3,NA,7,12,19,8,15,NA,0,0,0,0,0,NA,3,12,15,3,14,NA,15,41,56,15,44,NA,2,8,10,6,12,NA,4,17,21,6,32,-Inf,17,104,121,20,141,-Inf,41,608,649,45,739,-Inf,1,95,96,2,125,chr21,43789762,43791349,+,43789762,43791349,clu_2117,clu_2142,52,939,991,NA,NA,NA,NA,NA,NA,NA,NA,NA,NA,NA,NA,NA,NA
NA,0,0,0,0,0,chr21:24438443:24441794:+,NA,0,0,0,0,0,NA,0,0,0,0,0,Inf,0,0,0,2,5,NA,0,1,1,0,3,NA,1,3,4,8,15,NA,0,0,0,0,0,NA,0,2,2,3,14,NA,0,3,3,15,44,NA,4,3,7,6,12,Inf,2,13,15,6,32,-Inf,3,35,38,20,141,NA,4,119,123,45,739,NA,1,30,31,2,125,chr21,24438443,24441794,+,24438443,24441794,clu_187,clu_192,2,31,33,NA,NA,NA,NA,NA,NA,NA,NA,NA,NA,NA,NA,NA,NA
NA,0,1,1,0,1,chr21:24441353:24441794:+,NA,0,0,0,0,0,NA,0,0,0,0,0,NA,0,5,5,0,5,NA,0,2,2,0,2,NA,2,12,14,2,12,NA,0,1,1,0,1,NA,1,5,6,1,5,NA,0,5,5,0,5,NA,1,9,10,1,9,NA,3,22,25,3,22,Inf,7,144,151,7,145,NA,33,598,631,33,604,NA,5,135,140,5,136,chr21,24441353,24441794,+,24441353,24441794,clu_189,clu_192,0,5,5,NA,NA,NA,NA,NA,NA,NA,NA,NA,NA,NA,NA,NA,NA
NA,0,1,1,0,1,chr21:24438433:24441794:+,NA,0,0,0,0,0,NA,0,0,0,0,0,-Inf,0,6,6,0,6,NA,0,2,2,0,2,NA,2,10,12,2,11,NA,0,1,1,0,1,NA,1,5,6,1,5,NA,0,6,6,0,6,NA,1,10,11,1,10,-Inf,3,21,24,3,21,NA,6,140,146,6,143,NA,33,608,641,34,616,NA,5,135,140,5,138,chr21,24438433,24441794,+,24438433,24441794,clu_186,clu_192,2,8,10,NA,NA,NA,NA,NA,NA,NA,NA,NA,NA,NA,NA,NA,NA
NA,1,1,2,1,1,chr21:43104402:43107450:-,NA,1,1,2,1,1,NA,2,1,3,2,1,2.19722457733622,1,9,10,2,10,NA,4,13,17,4,13,-Inf,15,61,76,15,63,NA,0,0,0,0,0,-Inf,12,22,34,12,23,1.41030923732376,18,59,77,23,63,0.782759339249632,8,35,43,9,37,-0.122167633974208,20,177,197,21,187,-0.993009671568597,59,459,518,60,480,0.792752284647151,123,1540,1663,129,1574,-Inf,3,262,265,3,267,chr21,43104402,43107450,-,43107450,43104402,clu_2050,clu_2079,267,2640,2907,NA,0.240737592624074,0.223027769722303,NA,NA,0.022819771802282,NA,NA,NA,NA,NA,NA,NA,NA
NA,0,0,0,1,1,chr21:43104402:43105785:-,NA,0,0,0,1,1,NA,0,0,0,2,1,NA,0,0,0,2,10,NA,0,0,0,4,13,NA,0,0,0,15,63,NA,0,0,0,0,0,NA,0,0,0,12,23,Inf,0,2,2,23,63,NA,0,0,0,9,37,-2.23001440015921,1,1,2,21,187,Inf,0,3,3,60,480,Inf,0,3,3,129,1574,NA,0,0,0,3,267,chr21,43104402,43105785,-,43105785,43104402,clu_2046,clu_2079,1,9,10,NA,NA,NA,NA,NA,NA,NA,NA,NA,NA,NA,NA,NA,NA
NA,0,0,0,1,0,chr21:43104402:43106727:-,NA,0,0,0,0,1,NA,0,0,0,0,0,NA,0,0,0,0,2,NA,0,1,1,0,2,Inf,0,0,0,3,9,NA,0,0,0,0,0,NA,0,0,0,0,4,NA,0,0,0,2,7,NA,0,0,0,2,5,Inf,0,0,0,3,20,Inf,1,1,2,13,67,Inf,0,2,2,28,479,NA,0,0,0,0,116,chr21,43104402,43106727,-,43106727,43104402,clu_2047,clu_2079,0,15,15,NA,NA,NA,NA,NA,NA,NA,NA,NA,NA,NA,NA,NA,NA
NA,1,0,1,1,0,chr21:43104402:43105501:-,NA,0,1,1,0,1,NA,0,0,0,0,0,-2.19722457733622,0,2,2,0,2,NA,0,2,2,0,2,Inf,3,7,10,3,8,NA,0,0,0,0,0,Inf,0,4,4,0,5,-2.1367928381513,2,7,9,2,7,-0.782759339249632,2,5,7,2,6,Inf,3,16,19,3,19,0.572409139395332,10,67,77,11,70,-1.23583236124049,30,484,514,32,508,Inf,0,120,120,0,123,chr21,43104402,43105501,-,43105501,43104402,clu_2045,clu_2079,14,56,70,NA,0.116688833111669,0.529514704852951,NA,NA,0.012269877301227,NA,NA,NA,NA,NA,NA,NA,NA
NA,0,0,0,0,0,chr21:42876767:42879520:-,NA,0,0,0,0,0,NA,0,0,0,0,0,NA,0,0,0,1,1,NA,0,0,0,0,0,NA,0,0,0,0,1,NA,0,0,0,0,0,NA,0,0,0,0,1,NA,0,0,0,5,2,NA,0,0,0,1,2,NA,0,1,1,0,7,-1.70474809223843,1,2,3,1,14,Inf,1,0,1,5,20,NA,0,0,0,0,5,chr21,42876767,42879520,-,42879520,42876767,clu_1962,clu_1988,1,4,5,NA,NA,NA,NA,NA,NA,NA,NA,NA,NA,NA,NA,NA,NA
NA,1,1,2,1,1,chr21:42876767:42879512:-,NA,1,0,1,1,0,NA,0,1,1,0,1,NA,1,9,10,1,9,NA,3,10,13,3,11,-Inf,10,50,60,10,52,NA,0,0,0,0,0,NA,9,18,27,9,19,NA,21,47,68,22,49,NA,7,30,37,7,32,NA,13,128,141,13,135,NA,42,371,413,44,379,-1.25593254325665,97,1163,1260,101,1187,NA,2,197,199,2,201,chr21,42876767,42879512,-,42879512,42876767,clu_1961,clu_1988,2,6,8,NA,NA,NA,NA,NA,NA,NA,NA,NA,NA,NA,NA,NA,NA
NA,1,0,1,1,0,chr21:42876767:42879406:-,NA,0,1,1,0,1,NA,0,0,0,0,0,NA,0,2,2,0,2,NA,0,3,3,0,3,Inf,3,10,13,3,10,NA,0,0,0,0,0,NA,0,6,6,0,6,NA,2,7,9,2,7,NA,2,6,8,2,6,NA,3,18,21,3,18,0.996333439547691,12,72,84,12,72,1.2830683179907,31,518,549,31,522,NA,0,125,125,0,127,chr21,42876767,42879406,-,42879406,42876767,clu_1959,clu_1988,48,698,746,NA,NA,NA,NA,NA,NA,NA,NA,NA,NA,NA,NA,NA,NA
NA,0,0,0,1,0,chr21:42876767:42879086:-,NA,0,1,1,0,1,NA,0,0,0,0,0,NA,0,1,1,0,2,NA,0,0,0,0,2,NA,1,6,7,3,7,NA,0,0,0,0,0,NA,0,3,3,0,3,NA,1,6,7,2,7,NA,2,4,6,2,5,NA,0,4,4,3,16,Inf,8,50,58,10,64,-1.77096869955898,25,404,429,27,475,NA,0,107,107,0,117,chr21,42876767,42879086,-,42879086,42876767,clu_1958,clu_1988,1,4,5,NA,NA,NA,NA,NA,NA,NA,NA,NA,NA,NA,NA,NA,NA
NA,0,0,0,1,0,chr21:42859722:42862281:-,NA,0,0,0,0,1,NA,0,0,0,0,0,NA,0,0,0,0,2,NA,0,0,0,0,3,-Inf,0,0,0,3,10,NA,0,0,0,0,0,NA,0,0,0,0,6,NA,0,0,0,2,7,-Inf,0,0,0,2,6,-Inf,0,0,0,3,18,0.803495237728811,0,0,0,12,72,0.295980875266476,0,4,4,31,522,NA,0,2,2,0,127,chr21,42859722,42862281,-,42862281,42859722,clu_1951,clu_1981,51,715,766,NA,0.752822471775282,NA,NA,NA,NA,NA,NA,NA,NA,NA,NA,NA,NA
NA,2,3,5,2,3,chr21:42859722:42873550:-,NA,3,4,7,3,4,NA,0,2,2,0,2,NA,7,21,28,7,21,NA,8,26,34,8,26,Inf,17,111,128,17,112,NA,2,2,4,2,2,NA,26,66,92,26,67,NA,251,518,769,253,524,Inf,24,91,115,24,93,Inf,23,137,160,23,137,-0.803495237728811,75,649,724,75,653,-0.295980875266476,156,2013,2169,157,2020,NA,9,285,294,9,289,chr21,42859722,42873550,-,42873550,42859722,clu_1954,clu_1981,3,36,39,NA,0.752832471675283,NA,NA,NA,NA,NA,NA,NA,NA,NA,NA,NA,NA
NA,0,0,0,1,1,chr21:43105555:43105785:-,NA,0,1,1,1,1,NA,2,0,2,2,1,NA,0,1,1,1,10,NA,1,2,3,4,13,NA,5,11,16,16,62,NA,0,0,0,0,0,NA,3,4,7,12,23,NA,1,13,14,23,62,NA,3,5,8,10,37,NA,7,50,57,20,186,-Inf,16,97,113,60,477,-Inf,25,378,403,128,1571,NA,1,64,65,3,266,chr21,43105555,43105785,-,43105785,43105555,clu_2046,clu_2082,2,3,5,NA,NA,NA,NA,NA,NA,NA,NA,NA,NA,NA,NA,NA,NA
NA,0,0,0,2,3,chr21:43105555:43107450:-,NA,0,0,0,3,4,NA,0,0,0,0,2,NA,0,0,0,7,21,NA,0,0,0,8,26,NA,0,0,0,17,112,NA,0,0,0,2,2,NA,0,1,1,26,67,NA,1,0,1,253,524,NA,0,0,0,24,93,NA,0,0,0,23,137,Inf,0,1,1,75,653,Inf,0,0,0,157,2020,NA,0,3,3,9,289,chr21,43105555,43107450,-,43107450,43105555,clu_2050,clu_2082,11,50,61,NA,NA,NA,NA,NA,NA,NA,NA,NA,NA,NA,NA,NA,NA
NA,0,0,0,1,0,chr21:43100519:43104314:-,NA,0,0,0,0,1,NA,0,0,0,0,0,NA,0,0,0,0,2,-Inf,0,0,0,0,2,-Inf,1,0,1,3,7,NA,0,0,0,0,0,-Inf,0,0,0,0,3,0.11247798342669,0,1,1,2,7,-Inf,0,0,0,2,5,-Inf,0,0,0,3,16,0.792238083204176,0,1,1,10,64,0.692287704787227,0,3,3,27,475,-Inf,0,3,3,0,117,chr21,43100519,43104314,-,43104314,43100519,clu_2041,clu_2075,207,2025,2232,NA,0.399376006239938,NA,NA,NA,NA,NA,NA,NA,NA,NA,NA,NA,NA
NA,1,1,2,1,1,chr21:43100519:43101365:-,NA,1,1,2,1,1,NA,2,1,3,2,1,NA,1,10,11,1,10,Inf,4,12,16,4,13,Inf,15,60,75,16,61,NA,0,0,0,0,0,Inf,12,23,35,12,23,-0.11247798342669,22,58,80,23,62,Inf,8,35,43,9,35,Inf,19,182,201,20,183,-0.792238083204176,59,469,528,59,476,-0.692287704787227,127,1553,1680,128,1562,Inf,3,266,269,3,266,chr21,43100519,43101365,-,43101365,43100519,clu_2039,clu_2075,7,51,58,NA,0.399376006239938,NA,NA,NA,NA,NA,NA,NA,NA,NA,NA,NA,NA
NA,0,0,0,1,1,chr21:42854626:42855681:-,NA,0,0,0,1,1,NA,0,0,0,2,1,NA,0,0,0,2,10,NA,0,0,0,4,13,NA,0,1,1,15,63,NA,0,0,0,0,0,NA,0,0,0,12,23,NA,0,0,0,23,63,NA,0,0,0,9,37,NA,0,1,1,21,187,NA,0,4,4,60,480,-Inf,0,9,9,129,1574,NA,0,0,0,3,267,chr21,42854626,42855681,-,42855681,42854626,clu_1947,clu_1979,54,768,822,NA,NA,NA,NA,NA,NA,NA,NA,NA,NA,NA,NA,NA,NA
NA,1,0,1,1,0,chr21:42854626:42859661:-,NA,0,0,0,0,1,NA,0,0,0,0,0,NA,0,1,1,0,2,NA,0,2,2,0,2,NA,1,1,2,3,7,NA,0,0,0,0,0,NA,0,0,0,0,3,NA,1,0,1,2,7,NA,0,1,1,2,5,NA,3,12,15,3,16,NA,2,13,15,10,64,Inf,2,68,70,27,475,NA,0,7,7,0,117,chr21,42854626,42859661,-,42859661,42854626,clu_1949,clu_1979,0,6,6,NA,NA,NA,NA,NA,NA,NA,NA,NA,NA,NA,NA,NA,NA
NA,0,0,0,0,0,chr21:42863596:42873550:-,NA,1,0,1,1,0,NA,0,1,1,0,1,NA,1,9,10,1,9,NA,2,5,7,2,5,2.484906649788,7,31,38,7,31,NA,0,0,0,0,0,NA,3,12,15,3,12,1.79175946922805,0,19,19,0,19,-Inf,3,20,23,3,20,Inf,7,40,47,8,40,-0.113328685307003,27,228,255,28,232,-0.786993643388421,86,1142,1228,88,1168,NA,1,188,189,1,191,chr21,42863596,42873550,-,42873550,42863596,clu_1954,clu_1986,37,586,623,NA,0.21539784602154,0.885121148788512,NA,NA,0.00390996090039097,NA,NA,NA,NA,NA,NA,NA,NA
NA,0,0,0,1,0,chr21:42863596:42876701:-,NA,0,0,0,0,1,NA,0,0,0,0,0,NA,0,0,0,0,2,NA,0,0,0,0,2,-Inf,1,0,1,3,9,NA,0,0,0,0,0,NA,0,0,0,0,4,Inf,0,0,0,2,7,NA,0,0,0,2,5,NA,0,0,0,3,20,Inf,0,0,0,13,67,Inf,1,5,6,28,479,NA,0,1,1,0,116,chr21,42863596,42876701,-,42876701,42863596,clu_1956,clu_1986,1,8,9,NA,NA,NA,NA,NA,NA,NA,NA,NA,NA,NA,NA,NA,NA
NA,1,0,1,1,0,chr21:42863596:42873602:-,NA,0,1,1,0,1,NA,0,0,0,0,0,NA,0,2,2,0,2,NA,0,1,1,0,2,-1.09861228866811,2,9,11,3,9,NA,0,0,0,0,0,NA,0,4,4,0,4,-Inf,2,7,9,2,7,Inf,2,5,7,2,5,-Inf,3,20,23,3,20,0.0194180858571015,12,65,77,13,67,0.736423164041767,26,469,495,28,479,NA,0,115,115,0,116,chr21,42863596,42873602,-,42873602,42863596,clu_1955,clu_1986,10,105,115,NA,0.260287397126029,0.981670183298167,NA,NA,0.000549994500054996,NA,NA,NA,NA,NA,NA,NA,NA
NA,0,0,0,0,0,chr21:43774330:43774657:-,NA,0,0,0,0,0,NA,0,0,0,0,0,NA,1,1,2,1,1,NA,0,0,0,0,0,-Inf,0,1,1,0,1,NA,0,0,0,0,0,-Inf,0,1,1,0,1,-0.374089985540411,5,2,7,5,2,-Inf,1,2,3,1,2,NA,0,6,6,0,7,-Inf,0,12,12,1,14,0.611615269334941,4,20,24,5,20,-Inf,0,5,5,0,5,chr21,43774330,43774657,-,43774657,43774330,clu_2108,clu_2137,603,3928,4531,NA,0.629253707462925,NA,NA,NA,NA,NA,NA,NA,NA,NA,NA,NA,NA
NA,0,0,0,1,1,chr21:43774330:43774687:-,NA,0,0,0,1,1,NA,0,0,0,2,1,NA,0,0,0,1,10,NA,0,1,1,4,13,NA,1,1,2,16,61,NA,0,0,0,0,0,Inf,0,0,0,12,23,-Inf,1,4,5,23,62,NA,1,0,1,9,35,NA,1,1,2,20,183,Inf,0,7,7,59,476,NA,1,9,10,128,1562,Inf,0,0,0,3,266,chr21,43774330,43774687,-,43774687,43774330,clu_2109,clu_2137,1,5,6,NA,NA,NA,NA,NA,NA,NA,NA,NA,NA,NA,NA,NA,NA
NA,0,0,0,2,3,chr21:43774330:43776203:-,NA,0,0,0,3,4,NA,0,0,0,0,2,NA,0,0,0,7,21,NA,0,0,0,8,26,Inf,0,1,1,17,112,NA,0,0,0,2,2,NA,0,0,0,26,67,1.07121331448,1,6,7,253,524,Inf,0,2,2,24,93,NA,0,0,0,23,137,Inf,0,3,3,75,653,-0.611615269334941,1,7,8,157,2020,Inf,0,1,1,9,289,chr21,43774330,43776203,-,43776203,43774330,clu_2112,clu_2137,2,20,22,NA,NA,NA,NA,NA,NA,NA,NA,NA,NA,NA,NA,NA,NA
NA,1,1,2,1,1,chr21:43095743:43101365:-,Inf,1,0,1,1,1,-Inf,0,1,1,2,1,Inf,1,9,10,1,10,-0.606135803570315,3,11,14,4,13,-0.745472999561685,11,51,62,16,62,NA,0,0,0,0,0,-0.45953232937844,9,19,28,12,23,1.76417151270923,22,49,71,23,62,-1.00900012997842,7,32,39,10,37,-0.381592671901682,13,136,149,20,186,-0.353859362538569,44,380,424,60,477,0.266520936883107,103,1193,1296,128,1571,-0.456237433481588,2,202,204,3,266,chr21,43095743,43101365,-,43101365,43095743,clu_2039,clu_2070,64,626,690,0.363566364336357,0.29859701402986,0.281767182328177,0.38259617403826,NA,0,0.410735892641074,NA,0.255187448125519,0.407865921340787,0.012849871501285,NA,NA,NA
NA,0,0,0,0,0,chr21:43095743:43100452:-,-Inf,0,0,0,1,0,Inf,0,0,0,0,1,-Inf,0,0,0,1,9,0.606135803570315,0,0,0,2,5,0.745472999561685,0,0,0,7,31,NA,0,0,0,0,0,0.45953232937844,0,0,0,3,12,-1.76417151270923,0,0,0,0,19,1.00900012997842,0,0,0,3,20,0.381592671901683,1,0,1,8,40,0.353859362538569,1,4,5,28,232,-0.266520936883107,2,26,28,88,1168,0.456237433481588,0,3,3,1,191,chr21,43095743,43100452,-,43100452,43095743,clu_2038,clu_2070,217,2084,2301,0.363556364436356,0.29859701402986,0.281767182328177,0.38259617403826,NA,0,0.410965890341097,NA,0.25519744802552,0.407275927240728,0.012849871501285,NA,NA,NA
NA,0,0,0,1,1,chr21:43094788:43095437:-,NA,0,0,0,1,0,NA,0,0,0,0,1,NA,0,0,0,1,9,-Inf,0,1,1,3,11,1.38629436111989,0,2,2,10,52,NA,0,0,0,0,0,NA,0,1,1,9,19,-0.416893803931787,1,2,3,22,49,Inf,0,2,2,7,32,2.25956770791035,0,7,7,13,135,-Inf,2,8,10,44,379,0.306532159353876,4,24,28,101,1187,NA,0,4,4,2,201,chr21,43094788,43095437,-,43095437,43094788,clu_2031,clu_2062,274,2671,2945,NA,0.750692493075069,NA,NA,NA,NA,NA,NA,NA,NA,NA,NA,NA,NA
NA,0,0,0,1,1,chr21:43094788:43095693:-,NA,0,0,0,1,1,NA,0,0,0,2,1,NA,1,1,2,2,10,Inf,0,0,0,4,13,-1.38629436111989,0,1,1,15,63,NA,0,0,0,0,0,NA,0,1,1,12,23,0.416893803931787,5,2,7,23,63,-Inf,1,2,3,9,37,-2.25956770791035,0,8,8,21,187,Inf,1,14,15,60,480,-0.306532159353876,6,22,28,129,1574,NA,0,5,5,3,267,chr21,43094788,43095693,-,43095693,43094788,clu_2034,clu_2062,5,23,28,NA,0.750692493075069,NA,NA,NA,NA,NA,NA,NA,NA,NA,NA,NA,NA
NA,0,0,0,1,0,chr21:25585754:25588834:-,NA,0,0,0,0,1,NA,0,0,0,0,0,NA,0,0,0,0,2,NA,0,0,0,0,2,NA,0,0,0,3,9,NA,0,0,0,0,0,NA,0,0,0,0,4,NA,0,0,0,2,7,NA,0,0,0,2,5,Inf,0,0,0,3,20,0.747214401830221,0,1,1,13,67,0.021239736500911,1,3,4,28,479,-Inf,0,0,0,0,116,chr21,25585754,25588834,-,25588834,25585754,clu_203,clu_208,138,1695,1833,NA,0.979870201297987,NA,NA,NA,NA,NA,NA,NA,NA,NA,NA,NA,NA
NA,0,0,0,1,0,chr21:25585754:25588830:-,NA,0,0,0,0,1,NA,0,0,0,0,0,NA,0,0,0,0,2,NA,0,0,0,0,2,NA,0,1,1,3,8,NA,0,0,0,0,0,NA,0,1,1,0,5,NA,0,0,0,2,7,NA,0,1,1,2,6,-Inf,0,3,3,3,19,-0.747214401830221,1,3,4,11,70,-0.021239736500911,2,24,26,32,508,Inf,0,3,3,0,123,chr21,25585754,25588830,-,25588830,25585754,clu_202,clu_208,4,33,37,NA,0.979870201297987,NA,NA,NA,NA,NA,NA,NA,NA,NA,NA,NA,NA
